{
    "num_cities": 50,
    "num_clusters": 6,
    "seed": 42,
    "duration": 0.08459115028381348,
    "final_cost": 616.1949715445766,
    "route": [
        3,
        36,
        33,
        45,
        22,
        32,
        8,
        23,
        13,
        20,
        29,
        11,
        42,
        7,
        28,
        49,
        2,
        18,
        41,
        39,
        30,
        9,
        48,
        19,
        1,
        43,
        46,
        47,
        24,
        15,
        10,
        14,
        38,
        35,
        6,
        31,
        44,
        40,
        25,
        17,
        26,
        27,
        37,
        4,
        12,
        0,
        34,
        16,
        5,
        21
    ]
}