{
    "num_cities": 100,
    "num_clusters": 10,
    "seed": 42,
    "duration": 0.7512309551239014,
    "final_cost": 794.8940163970134,
    "route": [
        3,
        95,
        21,
        5,
        16,
        34,
        69,
        0,
        53,
        12,
        68,
        4,
        81,
        73,
        19,
        88,
        47,
        93,
        46,
        1,
        43,
        37,
        78,
        57,
        27,
        98,
        60,
        63,
        91,
        26,
        17,
        25,
        56,
        99,
        96,
        40,
        59,
        44,
        31,
        67,
        77,
        70,
        52,
        75,
        89,
        6,
        58,
        35,
        87,
        38,
        85,
        14,
        10,
        15,
        24,
        86,
        94,
        71,
        48,
        9,
        97,
        11,
        42,
        30,
        65,
        39,
        90,
        41,
        72,
        54,
        18,
        61,
        83,
        55,
        7,
        2,
        49,
        28,
        74,
        29,
        66,
        62,
        51,
        23,
        8,
        80,
        79,
        22,
        92,
        32,
        13,
        76,
        20,
        64,
        84,
        50,
        45,
        33,
        82,
        36
    ]
}