{
    "num_cities": 20,
    "num_clusters": 4,
    "seed": 42,
    "duration": 0.024119853973388672,
    "final_cost": 386.4296894765133,
    "route": [
        0,
        16,
        5,
        3,
        13,
        8,
        11,
        7,
        2,
        18,
        9,
        15,
        10,
        14,
        6,
        19,
        1,
        17,
        4,
        12
    ]
}